"","pathway","pval","padj","ES","NES","nMoreExtreme","size","leadingEdge","cluster","label"
"1","HALLMARK_INFLAMMATORY_RESPONSE",0.000112752283233735,0.00208307294921468,-0.653804803080282,-1.8168293583469,0,197,"Bdkrb1, Tacr1, Nmi, Bst2, Tlr3, Il7r, Tnfrsf9, Eif2ak2, Ptger2, Slc1a2, Ereg, Ldlr, Slc7a1, Inhba, Cxcl10, Rtp4, Rnf144b, Kcnj2, Irf7, Lif, Calcrl, P2rx7, Il18, Tnfsf15, Itgb8, Sphk1, Tnfaip6, Ly6e, Has2, Tapbp, Adm, Pdpn, Mefv, Ccrl2, Ndp, Irf1, Nfkb1, Acvr1b, Cdkn1a, Il15ra, Ccl22, Itgb3, Klf6, Tnfsf9, Nlrp3, Ifitm1, Serpine1, Mmp14, Irak2, Cxcl5, Rgs1, P2rx4, Tlr1, C3ar1, Il1b, Scarf1, Il6, Ptpre, Tnfsf10, Raf1, Clec5a, Rgs16, Olr1, Msr1, Pde4b, Lpar1, Nampt, Sgms2, Gpr183, Csf3r, Itga5, Atp2a2, Pvr, Il4ra, Osm, Ffar2, Plaur, Adora2b, Cd82, P2ry2, Hif1a, Cd48, Gna15, Il1a, Sema4d, Rela, Ccl7, Cxcl11, F3","BMS","BMS_vs_DMSO"
"2","HALLMARK_INTERFERON_GAMMA_RESPONSE",0.000113558937088349,0.00208307294921468,-0.708778587162362,-1.9601074102427,0,185,"Xaf1, Nmi, Parp12, Gbp3, Nlrc5, Rnf213, Samd9l, Dhx58, Bst2, Ifi27, Usp18, Ddx60, Irf9, Herc6, Mx2, Helz2, Ifih1, Stat1, Psmb10, Eif2ak2, Tap1, Ube2l6, Psmb8, Zbp1, Isg15, Plscr1, Oas2, Trim21, Ifitm3, Adar, Cxcl10, Rtp4, Casp8, Irf7, Apol6, Pml, Sspn, Trim14, Lgals3bp, Ifi35, Cmpk2, Ifi44, Isg20, Tnfaip3, Oasl1, Tnfaip6, Epsti1, Parp14, B2m, Ly6e, Pnpt1, Rnf31, Tapbp, Vcam1, P2ry14, Nod1, Psme1, Samhd1, Ptgs2, Irf1, Nfkb1, Arid5b, Cdkn1a, Il15ra, Stat2, Pfkp, Mthfd2, Upp1, Psmb9, Znfx1, Rbck1, Socs3, Tdrd7, Batf2, Il6, Tnfsf10, Cd38, Oas3, Cd274, Myd88, Pde4b, Mvp, Ifit3, Nampt, Ifnar2","BMS","BMS_vs_DMSO"
"3","HALLMARK_INTERFERON_ALPHA_RESPONSE",0.000124984376952881,0.00208307294921468,-0.800123547476785,-2.06838147995686,0,93,"Nmi, Parp12, Gbp3, Samd9l, Parp9, Dhx58, Bst2, Ifi27, Usp18, Ddx60, Irf9, Mov10, Herc6, Mx2, Helz2, Ifih1, Eif2ak2, Tap1, Ube2l6, Psmb8, Isg15, Plscr1, Tent5a, Trim21, Ifitm3, Adar, Cxcl10, Rtp4, Casp8, Irf7, Trim14, Lgals3bp, Ifi35, Uba7, Cmpk2, Trim12c, Ifi44, Isg20, Oasl1, Epsti1, Parp14, B2m, Ly6e, Pnpt1, Rnf31, Psme1, Ccrl2, Irf1","BMS","BMS_vs_DMSO"
"4","HALLMARK_G2M_CHECKPOINT",0.000225504566467471,0.002255299954894,-0.582589479843359,-1.61807190659293,1,195,"Ccnd1, Ube2c, Mcm3, Slc7a1, Tle3, E2f2, Hmga1b, Atf5, Pml, Mybl2, Cdc25b, Racgap1, Cenpa, Traip, Chaf1a, Lmnb1, Espl1, Ccnb2, Mcm2, Plk1, Cdc45, Aurka, Tpx2, Plk4, Smc2, Mcm5, Prc1, Mcm6, Incenp, Top2a, Cdc20, Tmpo, Cks2, Cdk1, Kif11, Pbk, Ccna2, Rad54l, Polq, G3bp1, Hmmr, Cdc25a, Kif22, Troap, Kif2c, Kpnb1, Cdc6, Dkc1, Map3k20, Ccnf, Pole, Exo1, Mki67, Numa1, Rad21, Odf2, Lig3, Brca2, Aurkb, Tacc3, Slc38a1, Rpa2, Kif4, Nek2, E2f1, Cdkn2c, Nsd2, Stag1, Gspt1, Pds5b, Nusap1, Cdkn3, Sfpq, Tent4a, Cenpe, Lbr, Nolc1, Kif20b, Hus1, Bcl3, Nasp, Snrpd1, Chek1, Xpo1, Bub1, Kif23, Rad23b, Cdc27, Hif1a, Smc4, Bard1, Ddx39a, Abl1, Ss18, Pola2, Mad2l1, Smarcc1, Rbl1, Kif15, Notch2","BMS","BMS_vs_DMSO"
"5","HALLMARK_E2F_TARGETS",0.0002255299954894,0.002255299954894,-0.612895837757317,-1.70340067897214,1,198,"Shmt1, Mcm3, Hmga1b, Mybl2, Cdc25b, Racgap1, Lmnb1, Espl1, Ccnb2, Tk1, Cit, Mcm2, Plk1, Mcm4, Lig1, Aurka, Ncapd2, Brca1, Dlgap5, Plk4, Mcm5, Pold3, Mcm6, Hells, Top2a, Cdc20, Spc24, Melk, Tmpo, Cks2, Cdk1, Bub1b, Pold1, Trip13, Ssrp1, Cdkn1a, Cdca8, Atad2, Cbx5, Hmmr, Cdc25a, Diaph3, Tubb5, Ak2, Kif22, Mthfd2, Usp1, Wee1, Kif2c, Rad51ap1, Mre11a, Pold2, Ubr7, Kif18b, Pole, Spag5, Mki67, Rad21, Brca2, Aurkb, Nup107, Tacc3, Rpa2, Tbrg4, Kif4, E2f8, Asf1b, Pa2g4, Cdkn2c, Stag1, Gspt1, Nap1l1, Pds5b, Mcm7, Cdkn3, Paics, Dut, Cenpe, Dnmt1, Phf5a, Lbr, Anp32e, Rfc1, Prps1, Nolc1, Dclre1b, Hus1, Nasp, Chek1, Xpo1, Exosc8, Ung, Smc4, Pcna, Bard1, Ccne1, Rfc2, Ddx39a, Nup205, Depdc1a, Pola2, Mad2l1, Lyar, Psmc3ip, Timeless, Mms22l, Rpa1, Snrpb, Dscc1, Cdkn1b, Pms2, Rad50, Birc5, Wdr90, Nup153, Ran, Ipo7","BMS","BMS_vs_DMSO"
"6","HALLMARK_ESTROGEN_RESPONSE_EARLY",0.000563761416168677,0.00469801180140565,-0.553330384278597,-1.53680830300299,4,195,"Thsd4, Car12, Ablim1, Ccnd1, Cyp26b1, Adcy1, Syt12, Celsr2, Tsku, Gja1, Stc2, Myb, Pdlim3, Greb1, Inhbb, Endod1, Svil, Slc27a2, Olfml3, Hes1, Celsr1, Slc26a2, Ugcg, Wwc1, Hr, Krt19, Bhlhe40, Farp1, Tiam1, B4galt1, Dlc1, Slc2a1, Nav2, Ccn5, Sec14l2, Mybbp1a, Syngr1, Calb2, Slc39a6, Gla, Mast4, Slc24a3, Tmem164, Mindy1, Ptges, Frk, Fdft1, Aldh3b1, Igf1r, Cxcl12, Papss2, Prss23, Rrp12, Slc1a1, Dhrs3, Sybu, Gab2, Cish, Xbp1, Pgr, Muc1, Med24, Mpped2, Anxa9, Fkbp4, Fhl2, Gfra1, Kcnk5, Rara, Tpd52l1, P2ry2, Ttc39a, Myof, Pmaip1, Slc16a1","BMS","BMS_vs_DMSO"
"7","HALLMARK_MYOGENESIS",0.000881834215167548,0.00555132597386119,0.525535590420632,1.78110924105936,0,198,"Actn2, Eno3, Myom1, Sh3bgr, Pygm, Fabp3, Mylpf, Casq1, Pgam2, Tnnt3, Des, Csrp3, Tnni2, Atp2a1, Fhl1, Actn3, Casq2, Tpm2, Pfkm, Tcap, Acta1, Mapre3, Pvalb, Ldb3, Agl, Ryr1, Gabarapl2, Ckb, Cacng1, Myh4, Myl4, Myf6, Chrnb1, Cryab, Pkia, Sgcg, Sptan1, Ppp1r3c, Myh3, Actc1, Myl1, Tsc2, Myog, Sh2b1, Foxo4, Sgca, Dmpk, Myh8, Ocel1, Eif4a2, Tnni1, Cox6a2, Reep1, Schip1, Myh1, Bag1, Lpin1, Ckm, Mybph, Tead4, Chrna1, Hrc, Dmd, Slc6a8","BMS","BMS_vs_DMSO"
"8","HALLMARK_IL6_JAK_STAT3_SIGNALING",0.00088821215581779,0.00555132597386119,-0.640224309460716,-1.63880424508582,6,85,"Irf9, Stat1, Cxcl10, Bak1, Ltbr, Cntfr, Il17ra, Itga4, Irf1, Acvr1b, Il15ra, Stat2, Itgb3, Acvrl1, Csf2ra, Il2rg, Socs3, Il1b, Tnfrsf1a, Il6, Cbl, Cd38, Myd88, Ccr1, Csf3r, Il4ra, Tyk2, Il13ra1, Stat3, Socs1, Hax1, Ccl7, Cxcl11, Il6st, Tlr2, Cd14, Ifngr2, Ebi3, Ptpn11, Csf1, Il3ra, Osmr, Cd44, Il10rb, Il2ra, Crlf2, Il1r1, Pdgfc, Il1r2, Hmox1, Fas, Pf4, Cd36, Tnfrsf1b","BMS","BMS_vs_DMSO"
"9","HALLMARK_OXIDATIVE_PHOSPHORYLATION",0.00163800163800164,0.0091000091000091,0.453285121225525,1.52360802736767,1,183,"Slc25a4, Aldh6a1, Cox7b, Ndufb2, Mgst3, Atp1b1, Ogdh, Pdk4, Uqcr11, Slc25a11, Ndufa1, Etfa, Hadhb, Cox6a1, Acadm, Pdhb, AK157302, Iscu, Etfdh, Ndufa7, Acadvl, Cox5a, Mdh2, Ndufa4, Pdp1, Slc25a12, Uqcr10, Vdac3, Uqcrb, Idh1, Ldhb, Uqcrh, Atp5pb, Cox7a2l, Cox7c, Fdx1, Ndufs4, Cox4i1, Mpc1, Cyc1, Sdhc, Slc25a3, Idh3a, Atp6v0c, Ndufa6, Atp6v1f, Ndufv2, Cox6c, Alas1, Acat1, Ndufab1, Ndufs6, Mrps12, Suclg1, Atp6v1d, Rhot1, Ndufc1, Fxn, Hadha, Ndufa2, Fh1, Idh3g, Atp6v0e, Tomm22, Atp6v1g1, Ndufc2, Sucla2, Ndufa8, Uqcrfs1, Rhot2, Cox7a2, Ndufb6, Ndufb3, Atp6v0b, Cs, Ndufs1, Aco2, Mdh1, Hsd17b10, Ndufa5, Slc25a5","BMS","BMS_vs_DMSO"
"10","HALLMARK_MTORC1_SIGNALING",0.00305015815634885,0.0117313775244186,-0.527020000424386,-1.4618521415791,26,193,"Slc7a11, Igfbp5, Vldlr, Bcat1, Hk2, Ldlr, Tmem97, Slc2a3, Stard4, Ak4, Cxcr4, Me1, Asns, Mcm2, Plk1, Mcm4, Elovl6, Aurka, Hmgcs1, Bhlhe40, Phgdh, Shmt2, Dhcr24, Gsr, Sla, Hspa9, Fads2, Slc1a5, Cyp51, Slc2a1, Hmgcr, Serpinh1, Cdkn1a, Hsp90b1, Gla, Cdc25a, Canx, Mthfd2, Nupr1, Idi1, Plod2, Ccnf, Gpi1, Psph, Cth, Ldha, Nfkbib, Stc1, Tpi1, Eno1b, Dhfr, Nampt, Xbp1, Psmc2, Atp2a2, Tomm40, Psat1, Rdh11, Pnp, Cfp, Pgk1, Ero1a, Pdk1, Pno1, P4ha1, Ctsc, Bub1, Dapp1, Cct6a, Acaca, Tes, Ung, Sytl2, Ufm1, Psmd14, Ddx39a, Nup205, Rrp9, Trib3, Edem1, Fgl2, Rpn1, Eef1e1, Tbk1, Pitpnb, Psme3, Hspd1","BMS","BMS_vs_DMSO"
"11","HALLMARK_IL2_STAT5_SIGNALING",0.0028191249436175,0.0117313775244186,-0.526360046191877,-1.46289467937628,24,198,"Gbp3, Fah, Bmp2, Tnfrsf9, Ptger2, Ccnd2, Hk2, Ncs1, Plscr1, Ifitm3, Cxcl10, Lif, Lrrc8c, Slc2a3, Plagl1, Itga6, Pus1, Spred2, Socs2, Slc39a8, Ckap4, Bhlhe40, Map6, Tiam1, Slc1a5, Hipk2, Ndrg1, Emp1, Flt3l, Galm, Itgav, Klf6, Maff, Myo1c, Spry4, Tnfrsf18, Glipr2, F2rl2, Enpp1, Cdc6, Gucy1b1, Anxa4, Adam19, P2rx4, Igf1r, Ttc39b, Plin2, Itgae, Dhrs3, Cdcp1, Tnfsf10, Car2, Cish, Rgs16, Etfbkmt, Tlr7, Ikzf4, Xbp1, Snx9, Muc1, Il4ra, Capg, Ecm1, Etv4, Pnp, Nt5e, Rragd, Ikzf2, Cyfip1, She, P4ha1, Smpdl3a, Pth1r, Dennd5a, Traf1, St3gal4, Cd48, Socs1, Rnh1, Ptrh2, Ccne1, Bcl2l1, Icos, Ctsz, Furin, Huwe1, Umps, Nrp1, Fgl2, Scn9a, Il1rl1","BMS","BMS_vs_DMSO"
"12","HALLMARK_TNFA_SIGNALING_VIA_NFKB",0.00259330251437592,0.0117313775244186,-0.527860813828245,-1.4660696476641,22,195,"Id2, Ccnd1, Serpinb8, Ifih1, Bmp2, Il7r, Tnfrsf9, Jag1, Tap1, Ldlr, Cxcl1, Inhba, Cxcl10, Fjx1, Lif, Slc2a3, Fosl1, Pfkfb3, Egr2, Hes1, Il18, Tnfaip3, Slc16a6, Bhlhe40, Sphk1, Tnfaip6, Trib1, Ptx3, B4galt1, Stat5a, Serpinb2, Klf9, Plpp3, Ccrl2, Ptgs2, Irf1, Nfkb1, Cdkn1a, Ackr3, Il15ra, Fosl2, Birc3, Klf6, Maff, Trip10, Tnfsf9, Tnfaip8, Serpine1, Cxcl5, Zc3h12a, Kdm6b, Tgif1, Il23a, Litaf, Dusp4, Per1, Socs3, Il1b, Plk2, Il6, Ptpre, F2rl1, Olr1, Pde4b, B4galt5, Nr4a3, Nampt, Gpr183, Cebpb, Cd80, Btg3, Yrdc, Plaur, Plau, Nfkb2, Bcl3, Clcf1, Ier3, Dennd5a, Traf1, Dram1, Il1a, Tnip2, Rela, Cxcl11, F3","BMS","BMS_vs_DMSO"
"13","HALLMARK_ALLOGRAFT_REJECTION",0.00283897342720872,0.0117313775244186,-0.533833377657257,-1.47630131374325,24,185,"Tlr3, Hdac9, Stat1, Psmb10, Bcat1, Tap1, Ccr2, Ccnd2, Tap2, Ereg, Inhba, Nos2, Irf7, Inhbb, Lif, Egfr, Map4k1, Il18, Ccr5, Brca1, B2m, Tapbp, Itgal, Akt1, Ccl22, Hcls1, Gcnt1, Nlrp3, Il2rg, Tlr1, Cd1d2, Il1b, Il6, Flna, Igsf6, Ccr1, Ifnar2, Cxcr3, H2-DMb2, Ncf4, Il4ra, Capg, Cd80, Cfp, Ccl11, H2-Ob, Eif5a, Fgr, Bcl3, Il16, Thy1, Eif3a, C2, Mrpl3, Prkcb, Hif1a, Socs1, St8sia4, Ccl7, Was, Tlr6, Ncr1, Tlr2, Ifngr2, Csf1, Ctss, Csk, Icam1, Timp1, Il2ra, Il11, Apbb1, Srgn, Eif3j1, Gpr65, Elf4, Eif3d, Il2rb, Jak2, Nme1, Fas, Gzma","BMS","BMS_vs_DMSO"
"14","HALLMARK_MYC_TARGETS_V2",0.00399095383796727,0.0142534065641688,-0.65790612818547,-1.59899266133296,29,57,"Hk2, Utp20, Tmem97, Map3k6, Tcof1, Plk1, Pus1, Mcm4, Plk4, Mcm5, Pprc1, Srm, Mybbp1a, Grwd1, Ppan, Rrp12, Tbrg4, Pa2g4, Slc19a1, Pes1, Nolc1, Gnl3, Ung, Wdr43, Ddx18, Rrp9, Rabepk, Noc4l, Mrto4, Hspd1, Bysl, Wdr74","BMS","BMS_vs_DMSO"
"15","HALLMARK_EPITHELIAL_MESENCHYMAL_TRANSITION",0.00621328513330321,0.020710950444344,-0.512904106938387,-1.42269736736523,54,193,"Id2, Gpx7, Adam12, Sntb1, Fbln1, Myl9, Loxl1, Lamc2, Wnt5a, Oxtr, Gja1, Dst, Inhba, Efemp2, Cald1, Dpysl3, Tnfaip3, Ptx3, Vegfc, Fbn2, Vcam1, Plod3, Igfbp3, Mylk, Wipf1, Lrrc15, Serpinh1, Nnmt, Acta2, Itgav, Itgb3, Sgcd, Col12a1, Sdc1, Fstl3, Sfrp4, Cadm1, Abi3bp, Gas1, Plod2, Lama1, Serpine1, Itga2, Vcan, Mmp14, Lama3, Tfpi2, Cxcl5, Cxcl12, Col16a1, Thbs1, Fmod, Grem1, Il6, Mmp3, Colgalt1, Flna, Rgs4, Cthrc1, Glipr1, Lox, Lrp1, Fbln5, Timp3, Itga5, Mcm7, Pvr, Capg, Vim, Ecm1, Slit3, Nt5e, Plaur, Mmp2, Fbln2, Thy1, Nid2, Fstl1, Tgfbr3, Plod1, Tgfbi, Col3a1, Pcolce, Prrx1, Pcolce2, Pdlim4, P3h1, Col5a1, Lamc1, Col4a1, Col1a1, Eln, Col5a3, Dab2, Qsox1, Tnfrsf11b, Serpine2, Spock1, Tpm4, Emp3, Igfbp4, Comp, Tnc, Notch2, Foxc2, Col6a3, Col6a2, Vegfa","BMS","BMS_vs_DMSO"
"16","HALLMARK_APICAL_SURFACE",0.0139275766016713,0.0435236768802228,-0.64982503324014,-1.51611463217433,99,44,"Pcsk9, Ntng1, Sulf2, Afap1l2, Atp8b1, Brca1, B4galt1, Srpx, Ncoa6, Flot2, Rtn4rl1, Gas1, Il2rg","BMS","BMS_vs_DMSO"
"17","HALLMARK_HEDGEHOG_SIGNALING",0.0370317618572853,0.108916946639074,-0.639800539538639,-1.44896207826201,259,36,"Hey2, Vldlr, Gli1, Tle3, Pml, Slit1, Adgrg1, Cdk6, Celsr1, L1cam, Cntfr, Ophn1, Myh9, Nf1, Thy1, Nrp2, Nrcam, Hey1, Nrp1, Unc5c","BMS","BMS_vs_DMSO"
"18","HALLMARK_P53_PATHWAY",0.0405643738977072,0.111956741820607,0.363689512677893,1.23259159553495,45,198,"H1f2, Coq8a, Hexim1, Gadd45a, Csrnp2, Mknk2, Baiap2, Cdkn2aip, Ercc5, Cdk5r1, Txnip, Cdkn2b, Tspyl2, Tob1, Tprkb, Btg2, Ier5, Slc19a2, Nudt15, Trafd1, Dgka, Fuca1, Iscu, Xpc, Tsc22d1, Pdgfa, Prmt2, H2aj, Ldhb, Hdac3, Sesn1, Ei24, Ankra2, Rchy1, Ip6k2, Pmm1, Btg1, Fbxw7, Tnni1, Cebpa, Mxd4, Wrap73, Rap2b, Traf4, Sat1, Gls2, Cgrrf1, Triap1, Zmat3, Tax1bp3, Blcap, Ppm1d, Ctsf","BMS","BMS_vs_DMSO"
"19","HALLMARK_ESTROGEN_RESPONSE_LATE",0.0425435618918307,0.111956741820607,-0.468150546021564,-1.29705651254549,375,191,"Car12, Id2, Ccnd1, Cyp26b1, Homer2, Celsr2, Kif20a, Lamc2, Gper1, Myb, Pdlim3, Tst, Slc29a1, Slc27a2, Slc26a2, Isg20, Hr, Krt19, Plk4, Farp1, Tiam1, Fabp5, Cacna2d2, Top2a, Ccn5, Cdc20, Ccna1, Ass1, Impa2, St6galnac2, Emp2, Gla, Slc24a3, Atp2b4, Dlg5, Tfpi2, Cdc6, Ptges, Frk, Fdft1, Aldh3b1, Cxcl12, Papss2, Prss23, Car2, Cish, Xbp1, Pcp4, Pgr, Ugdh, Aldh3a2, Plxnb1, Btg3, Anxa9, Trim29, Fkbp4, Snx10, Th","BMS","BMS_vs_DMSO"
"20","HALLMARK_KRAS_SIGNALING_UP",0.0493910690121786,0.123477672530447,-0.462595259354279,-1.28567536329947,437,198,"Kcnn4, Hdac9, Id2, Bmp2, Igf2, Il7r, Sparcl1, Psmb8, Adamdec1, Mall, Ccnd2, Ereg, Spon1, Inhba, Cxcl10, Gypc, Rbp4, Lif, Akap12, Map4k1, Cxcr4, Tnfaip3, Epb41l3, Trib1, Prdm1, Igfbp3, Etv1, Ptgs2, Emp1, St6gal1, Birc3, Gpnmb, Adgra2, Csf2ra, Itga2, Il2rg, Il33, C3ar1, Ano1, Il1b, Cbl, F2rl1, Car2, Rgs16, Hsd11b1, Usp12, Pcp4, Vwa5a, Etv4, Yrdc, Plaur, Akt2, Plau, Ero1a, Adam8, Prkg2, Nin, Traf1, Angptl4, Dnmbp, Prrx1, Clec4a3, Aldh1a2, Prelid3b, Dusp6, Il1rl2, Slpi","BMS","BMS_vs_DMSO"
"21","HALLMARK_UV_RESPONSE_DN",0.0737077593312139,0.175494665074319,-0.470522819459193,-1.27255205751157,625,144,"Syne1, Igfbp5, Vldlr, Mgll, Ldlr, Gja1, Slc7a1, Ica1, Mgmt, Kalrn, Kit, Bhlhe40, Ddah1, Has2, Abcc1, Dlc1, Synj2, Sipa1l1, Akt3, Plpp3, Fzd2, Nfkb1, Itgb3, Ptpn21, Atp2b4, Magi2, Ptgfr, Map1b, Gcnt1, Mta1, Serpine1, Anxa4, Igf1r, Ptprm, Sfmbt1, Rxra, Rgs4, Lpar1, Fbln5, Tent4a, Celf2, Tgfbr2, Arhgef9, Runx1, Fhl2, Adora2b, Tgfbr3, Col3a1, Lamc1, F3, Col1a1, Map2k5, Nrp1, Pparg, Bmpr1a, Dab2, Inpp4b, Mt1, Notch2, Sdc2, Irs1, Cav1, Cdkn1b, Met, Col5a2, Dyrk1a","BMS","BMS_vs_DMSO"
"22","HALLMARK_CHOLESTEROL_HOMEOSTASIS",0.084870372758932,0.192887210815755,-0.521586541882424,-1.30768195803064,657,71,"Ech1, Jag1, Plscr1, Ldlr, Aldoc, Tmem97, Atf5, Stard4, Hmgcs1, Fads2, Fabp5, Avpr1a, Cyp51, Hmgcr, Gusb, Lss, Gpx8, Idi1, Fdft1, Antxr2, Nsdhl, Mal2, Srebf2, Plaur, Atxn2, Clu, Lpl","BMS","BMS_vs_DMSO"
"23","HALLMARK_ANGIOGENESIS",0.0945734225893747,0.205594396933423,-0.588564715654378,-1.3329278437327,663,36,"Slco2a1, Jag1, Ccnd2, Itgav, Vcan, Cxcl5, Stc1, Olr1, App, Thbd, Lpl, Fstl1, S100a4, Kcnj8, Col3a1, Nrp1, Vegfa, Col5a2, Postn, Timp1, Vtn","BMS","BMS_vs_DMSO"
"24","HALLMARK_DNA_REPAIR",0.129467296021578,0.241411940758346,0.348918101798604,1.14439243683022,191,147,"Ccno, Polr3gl, Usp11, Ercc5, Taf13, Taf12, Dguok, Rrm2b, Zfp707, Pole4, Upf3b, Polb, Xpc, Gtf2h5, Gtf2a2, Dad1, Polr2e, Rbx1, Vps37b, Taf9, Nudt21, Tk2, Taf10, Tsg101, Dgcr8, Sac3d1, Polr2a, Cetn2, Nt5c3, Guk1, Vps28, Mpc2, Polr1d, Cstf3, Gsdme, Rad52, Arl6ip1, Gtf2h3, Gtf2b, Taf1c, Smad5, Nt5c, Sdcbp, Impdh2, Ercc4, Ercc3, Itpa, Rae1, Polr2j, Rev3l, Srsf6, Polr1c, Rala, Dctn4","BMS","BMS_vs_DMSO"
"25","HALLMARK_GLYCOLYSIS",0.129832074833765,0.241411940758346,-0.428428036044851,-1.19100374930895,1151,199,"Chst5, Vldlr, Kif20a, Hk2, Stc2, Egfr, Slc25a13, Cenpa, Ak3, Ak4, Cxcr4, Sdc3, Me1, Isg20, Galk1, Aurka, Chst1, Pygl, B4galt1, B4galt2, Igfbp3, Gusb, Cdk1, B3gat1, Hs6st2, Aldh9a1, Slc16a3, Hmmr, Pfkp, Sdc1, Capn5, Plod2, Vcan, Pgam1, Mif, P4ha2, Cth, Ldha, Ecd, Rbck1, Gys1, Stc1, Cyb5a, Tpi1, Eno1b, Nsdhl, Ndst3, Gpc4, Ppfia4, Gne, Tgfa, Ext1, Med24, Gmppb, Idua, Me2, Nt5e, Pkm, Copb2, Il13ra1, Rragd, Fkbp4, Pgk1, Prps1, Ero1a, Gnpda1, Nanp, Adora2b, Pmm2, Nasp, P4ha1, Fut8, Plod1, Ier3, Tgfbi, Angptl4, Gys2, Hax1, Col5a1, Kdelr3, Chpf2, Depdc1a, Qsox1","BMS","BMS_vs_DMSO"
"26","HALLMARK_COAGULATION",0.130362448009507,0.241411940758346,-0.450650777041358,-1.21047495360167,1096,134,"Vwf, Mmp8, Pef1, Serpinb2, Capn2, Itgb3, Maff, Capn5, Ctse, F2rl2, Serpine1, Itga2, Mmp14, Tfpi2, Prss23, Thbs1, Pros1, Ctso, Mmp3, Olr1, Lrp1, Timp3, Msrb2, Wdr1, Mmp2, Plau, Clu, Thbd, Serping1, C2, Klf7, Trf, Furin, Dusp6, F3, Apoc1, S100a13, Gda, C3, Prep, Comp, Cfb, Lgmn, Timp1, Mmp10, Mmp15, Ctsl, Ctsh, Pf4, Fn1, Cpq, Sparc, Bmp1, Gp9, Cfd, Plat, Anxa1, Lamp2, Dpp4, Sirt2, F10","BMS","BMS_vs_DMSO"
"27","HALLMARK_ANDROGEN_RESPONSE",0.12232187344295,0.241411940758346,-0.477712543078809,-1.23839529368409,981,95,"Ccnd1, Homer2, Camkk2, Adamts1, Akap12, Bmpr1b, Cdk6, Iqgap2, Slc26a2, Hmgcs1, Krt19, Dhcr24, Gsr, B2m, B4galt1, Hmgcr, Akt1, Ndrg1, Arid5b, Itgav, Stk39, Ptpn21, Tnfaip8, Idi1, Rrp12, Xrcc5, Pa2g4, Hpgd, Rps6ka3, Srf","BMS","BMS_vs_DMSO"
"28","HALLMARK_MITOTIC_SPINDLE",0.17017919531162,0.303891420199321,-0.416869244967553,-1.15887101673236,1509,199,"Palld, Dst, Pif1, Shroom1, Racgap1, Cdc42ep4, Kntc1, Lmnb1, Espl1, Ccnb2, Fgd4, Plk1, Cdk5rap2, Aurka, Tpx2, Net1, Dlgap5, Farp1, Abr, Tiam1, Prc1, Wasf2, Incenp, Ckap5, Top2a, Cep250, Apc, Sass6, Cdk1, Fscn1, Kif11, Kif22, Ect2, Kif2c, Epb41l2, Vcl, Ophn1, Cep192, Arap3, Mid1ip1, Anln, Numa1, Brca2, Kif4, Nek2, Flna, Arhgap4, Cntrl, Gemin4, Myh9, Nusap1, Arhgdia, Sorbs2, Nf1, Myo9b, Bin1, Cenpe, Rfc1, Cep72, Kif20b, Bub1, Nin, Ezr, Kif23, Cdc27, Smc4, Kif3c, Csnk1d, Myh10, Abl1, Shroom2, Arhgap27, Sptbn1, Kif15, Cdc42ep2, Kifap3, Arhgap10, Notch2, Mid1, Tubgcp5, Fbxo5, Birc5, Tubd1, Ndc80, Arhgap5, Dock2, Arhgef2, Arhgef7, Arf6, Dync1h1, Tlk1, Synpo, Kif5b, Lrpprc, Tubgcp3, Epb41, Pcgf5, Cenpf, Nedd9, Tubgcp2, Wasl, Arhgap29, Cdc42ep1","BMS","BMS_vs_DMSO"
"29","HALLMARK_HEME_METABOLISM",0.192832764505119,0.332470283629516,0.322672017708421,1.08833086637105,225,188,"Ank1, H1f0, Slc66a2, Fbxo9, Uros, Rap1gap, Mboat2, Tent5c, Aldh6a1, Ccdc28a, Btg2, Hagh, Mgst3, Optn, Map2k3, Arl2bp, Myl4, Mospd1, Rbm38, AK157302, Marchf2, Bpgm, Nudt4, Dcun1d1, Fech, Pgls, Glrx5, Smox, Alas2, Bnip3l, Ranbp10, Nek7, Ackr1, Tspan5, Narf, Clcn3, Cat, Atp6v0a1, Ubac1, Minpp1, Prdx2, Slc6a8, Mkrn1, Rbm5, Gclc, Urod, Mark3, Adipor1","BMS","BMS_vs_DMSO"
"30","HALLMARK_HYPOXIA",0.224064050518719,0.373440084197865,-0.404674325930034,-1.12469767142514,1986,198,"Car12, Vldlr, Hk2, Aldoc, Stc2, Has1, Chst3, Egfr, Slc2a3, Pfkfb3, Akap12, Ak4, Cxcr4, Sdc3, Isg20, Galk1, Tnfaip3, Pgf, Bhlhe40, Slc2a1, Adm, Srpx, Ccn5, Ndst1, Igfbp3, Ndrg1, Cavin3, Ampd3, Cdkn1a, Ackr3, Gcnt2, Fosl2, Jmjd6, Klf6, Nedd4l, Maff, Pfkp, Ilvbl, Kdm3a, Tmem45a, Serpine1, Gpi1, Mif, Hk1, P4ha2, Ldha, Gys1, Stc1, Plin2, Tpi1, Il6, Eno1b, Gpc4, Ppfia4, Fbp1, Gaa, Cp, Myh9, Lox, Plac8, Ext1, Plaur, Rragd, Pgk1, Ero1a, Adora2b, Pdk1, P4ha1, Klf7, Tes, S100a4, Ier3, Tgfbi, Angptl4, Hexa","BMS","BMS_vs_DMSO"
"31","HALLMARK_WNT_BETA_CATENIN_SIGNALING",0.275055991041433,0.443638695228118,-0.491066514240033,-1.13912020933518,1964,42,"Hey2, Jag1, Ccnd2, Notch1, Fzd1, Skp2, Notch4, Dll1, Wnt5b, Dvl2, Lef1, Hey1, Rbpj, Kat2a, Maml1, Adam17, Nkd1, Gnai1, Hdac11, Cul1, Numb","BMS","BMS_vs_DMSO"
"32","HALLMARK_NOTCH_SIGNALING",0.285054151624549,0.445397111913357,-0.512282053723405,-1.13946094182219,1973,32,"Ccnd1, Jag1, Wnt5a, Notch1, Hes1, Fzd1, Fzd7, Dtx4, Dll1, Arrb1, Maml2, Wnt2","BMS","BMS_vs_DMSO"
"33","HALLMARK_BILE_ACID_METABOLISM",0.304940374787053,0.462030870889474,0.333305527474039,1.04863120993162,536,111,"Cyp46a1, Mlycd, Pfkm, Pex7, Abca5, Pnpla8, Amacr, Slc23a1, Optn, Slc35b2, Pxmp2, Idh1, Sod1, Abcd3, Lonp2, Pex1, Crot, Pex26, Hacl1, Cat, Pecr, Rbp1, Gnmt, Pex13, Gnpat","BMS","BMS_vs_DMSO"
"34","HALLMARK_MYC_TARGETS_V1",0.333182127466546,0.489973716862567,-0.385842085399546,-1.06784218722404,2937,186,"Hdgf, Mcm2, Mcm4, Mrps18b, Cdc45, Mcm5, Mcm6, Srm, Cdc20, Ccna2, Rrm1, Xpot, G3bp1, Canx, Hnrnpa1, Usp1, Kpnb1, Pold2, Tufm, Ldha, Nhp2, Tyms, Pa2g4, Ncbp2, Pole3, Ruvbl2, Cad, Gspt1, Nap1l1, Mcm7, Cct3, Fam120a, Dut, Pgk1, Prdx3, Nolc1, C1qbp, Gnl3, Snrpd1, Xpo1, Rad23b, Prpf31, Fbl, Hnrnpr, Pcna, Psmd14, Ddx18, Rrp9, Cstf2, Phb2, Mad2l1, Smarcc1, Hspd1, Tfdp1, Ube2e1, Hsp90ab1, Psmd1, Pcbp1, Tomm70a, Apex1, Snrpa, Got2, Ran, Rfc4, Cdk2, Eif3j1, Tardbp, Eif3d, Eif4a1, Nme1, Eif2s1, Srsf1, Acp1, Abce1, Psma6, Cul1, Prdx4, Etf1, Psma1, Hnrnpu, Npm1, Cnbp, Psma2, Sf3b3, Cdk4, Myc, Eif2s2, Cct7, Tcp1, Snrpa1, Ssbp1, Hnrnpd, Sf3a1","BMS","BMS_vs_DMSO"
"35","HALLMARK_COMPLEMENT",0.363275039745628,0.514354783181403,-0.380326252021242,-1.05178164013284,3198,185,"Pcsk9, Spock2, Mmp13, Gpd2, L3mbtl4, Plscr1, Src, Irf7, Me1, Mmp8, Cda, Tnfaip3, Kcnip3, Prdm4, Serpinb2, Klk1, Gnb4, Irf1, Rbsn, Notch4, Kcnip2, Maff, Psmb9, Serpine1, Mmp14, Tfpi2, Pla2g7, Prkcd, Il6, Mmp12, Ctso, Raf1, Car2, Olr1, Pik3cg, Cp, Lrp1, Cebpb, Ppp4c, Plaur, Zeb1, Itgam, Clu, Serping1, Ctsc, C2, Lap3, Pfn1, Gngt2, Dusp6, F3, Apoc1, S100a13, Lgals3, Was, Pla2g4a, C3, Rnf4, Prep, Cfb, Lgmn, Anxa5","BMS","BMS_vs_DMSO"
"36","HALLMARK_TGF_BETA_SIGNALING",0.37033544389061,0.514354783181403,-0.443783618213041,-1.06569064098948,2748,53,"Id2, Bmp2, Smad6, Skil, Hipk2, Apc, Ltbp2, Serpine1, Tgif1, Thbs1, Ppp1ca, Nog, Furin, Bmpr1a, Cdh1, Sptbn1, Fkbp1a, Slc20a1, Ifngr2","BMS","BMS_vs_DMSO"
"37","HALLMARK_FATTY_ACID_METABOLISM",0.426602343211578,0.576489652988619,0.303415439776481,1.00146815527197,618,151,"Eno3, Pts, Mlycd, Trp53inp2, Uros, Hsdl2, D2hgdh, Bphl, Hibch, Hadhb, Mcee, Acadm, Bckdhb, Pdhb, Hadh, Etfdh, Acadvl, Mdh2, Idh1, Cbr1","BMS","BMS_vs_DMSO"
"38","HALLMARK_PANCREAS_BETA_CELLS",0.443830570902394,0.583987593292624,-0.443528186078304,-1.01555361432816,3132,39,"Abcc8, Syt13, Isl1, Dcx, Akt3, Neurod1, Pax6, Pcsk1","BMS","BMS_vs_DMSO"
"39","HALLMARK_PI3K_AKT_MTOR_SIGNALING",0.488540262287045,0.610675327858806,-0.377908036658024,-0.991130606624224,3985,105,"Map2k6, Plcb1, Egfr, Cxcr4, Sla, Tiam1, Slc2a1, Akt1, Nod1, Cdk1, Cdkn1a, Hsp90b1, Stat2, Mapk10, Itpr2, Il2rg, Nfkbib, Tnfrsf1a, Raf1, E2f1, Myd88, Rps6ka3, Arhgdia, Smad2, Ppp1ca, Dusp3, Atf1, Pdk1, Dapp1, Acaca, Prkcb, Prkar2a, Pfn1, Rptor, Ralb, Camk4, Trib3, Vav3, Tbk1","BMS","BMS_vs_DMSO"
"40","HALLMARK_APICAL_JUNCTION",0.481226744841583,0.610675327858806,-0.358893567946446,-0.997313521856927,4267,197,"Cldn14, Cd276, Itga9, Adra1b, Myl9, Lamc2, Cdh3, Vwf, Src, Egfr, Sdc3, Cntn1, Ywhah, Pbx2, Inppl1, Sgce, B4galt1, Thbs3, Kcnh2, Vcam1, Shc1, Akt3, Fscn1, Adamts5, Atp1a3, Calb2, Vasp, Cercam, Nectin4, Sorbs3, Epb41l2, Cnn2, Itga2, Vcan, Msn, Lama3, Vcl, Map3k20, Col16a1, Lima1, Icam2, Cap1, Actg2, Arhgef6, Crat, Cd274, Crb3, Myh9, Nectin2, Rras, Nf1, Tspan4, Akt2, Ppp2r2c, Mmp2, Itga3, Cdh8, Thy1, Cldn15, Parva, Zyx, Traf1, Tgfbi","BMS","BMS_vs_DMSO"
"41","HALLMARK_XENOBIOTIC_METABOLISM",0.536323579256581,0.654053145434855,-0.35098296836823,-0.973207517309068,4746,192,"Fah, Id2, Ech1, Psmb10, Bcat1, Fbln1, Ttpa, Tmem97, Rbp4, Comt, Mthfd1, Pycr1, Cda, Shmt2, Gsr, Slc1a5, Mpp2, Aldh9a1, Gcnt2, Spint2, Upp1, Serpine1, Cyp2j6, Ptges, Enpep, Papss2, Pros1, Tnfrsf1a, Cyb5a, Esr1, Fbp1, Dhrs1, Car2, Cndp2, Gart, Atoh8, Hsd11b1, Ugdh, Atp2a2","BMS","BMS_vs_DMSO"
"42","HALLMARK_UNFOLDED_PROTEIN_RESPONSE",0.568347953216374,0.671140939597316,-0.360846945093566,-0.94918119549928,4664,108,"Stc2, Eif4ebp1, Aldh18a1, Asns, Hspa9, Shc1, Fkbp14, Hsp90b1, Xpot, Sdad1, Mthfd2, Herpud1, Dkc1, Exosc10, Pdia6, Nhp2, Ywhaz, Eif4g1, Chac1, Mtrex, Gemin4, Xbp1, Cebpb, Psat1, Arfgap1, Ero1a, Nolc1, Pop4, Srpr, Rrp9, Bag3, Edem1, Kdelr3, Vegfa, Khsrp, Dnajc3, Srprb, Yif1a, Sec31a, Eif4a1, Tubb2a, Eif2s1, Kif5b, Dcp2, Tatdn2, Exoc2, Atf6, Zbtb17, Ddx10, Npm1, Cebpg, Slc1a4","BMS","BMS_vs_DMSO"
"43","HALLMARK_APOPTOSIS",0.577181208053691,0.671140939597316,-0.348156697600435,-0.951636852841841,4987,161,"Ccnd1, Bmp2, Tap1, Ccnd2, Ereg, Ifitm3, Casp8, Cdc25b, Mgmt, Il18, Isg20, Brca1, Gsr, Avpr1a, Top2a, Ccna1, Emp1, Irf1, Cdkn1a, Fez1, Birc3, Wee1, Cth, Il1b, Il6, Tnfsf10, Cd38, Bcl2l2, Plcb2, Tspo, Dap, Timp3, Btg3, Mmp2, Clu, App, Lmna, Plppr4, Ppp2r5b, Gpx1, Rara, Tgfbr3, Ier3, Gna15, Il1a, Retsat, Pmaip1, Rela, Bcl2l1, Lef1, Lgals3, Hgf, Gstm2, Pak1, Rnasel, Aifm3, Gpx3, Slc20a1, Cd14, Vdac2, Cav1, Cdkn1b","BMS","BMS_vs_DMSO"
"44","HALLMARK_PEROXISOME",0.592661230541142,0.673478671069479,-0.358771047914508,-0.936574246669651,4796,101,"Crabp2, Ech1, Abcc8, Acsl5, Dlg4, Slc27a2, Crabp1, Ywhah, Dhcr24, Top2a, Aldh9a1, Cadm1, Idi1, Hsd17b11, Nudt19, Dhrs3, Crat, Mvp, Tspo, Ercc1, Rdh11, Gstk1, Cdk7, Retsat, Ephx2, Isoc1, Idh2","BMS","BMS_vs_DMSO"
"45","HALLMARK_REACTIVE_OXYGEN_SPECIES_PATHWAY",0.631593444429142,0.701770493810158,-0.380512555600152,-0.898071263316362,4585,48,"Mbp, Ptpa, Gsr, Sbno2, Abcc1, Prdx6, Pfkp, Mgst1, Lsp1, Pdlim1, Lamtor5, Txnrd2, Nqo1, Srxn1, Hhex, Oxsr1, Gpx3, Fes","BMS","BMS_vs_DMSO"
"46","HALLMARK_ADIPOGENESIS",0.732183130356337,0.795851228648193,-0.318534985497899,-0.885293515059482,6492,198,"Cavin2, Fah, Ech1, Sparcl1, Gpd2, Angpt1, Col15a1, Mgll, Tst, Phldb1, Sspn, Slc5a6, Pfkfb3, Me1, Bcl2l13, Elovl6, Tkt, Slc1a5, Stat5a, Adcy6, Mylk, Rreb1, Vegfb, Cd151, Ak2, Lama4, Agpat3, Lipe","BMS","BMS_vs_DMSO"
"47","HALLMARK_KRAS_SIGNALING_DN",0.829417080885676,0.882358596686889,-0.301713007787743,-0.836893867825922,7341,193,"Col2a1, Mx2, Arpp21, Celsr2, Arhgdig, Ybx2, Macroh2a2, Itih3, Bmpr1b, Skil, Serpinb2, Cntfr, Sidt1, Rgs11, Dcc, Ccna1, Mefv, Kcnd1, Adra2c, Abcg4, Ptgfr, Magix, Mfsd6, Cyp39a1, Gpr19, Capn9, Sptbn2, Mthfr, Slc29a3, Tcf7l1, Ntf3, Kmt2d, Idua, Cd80, Camk1d","BMS","BMS_vs_DMSO"
"48","HALLMARK_PROTEIN_SECRETION",0.856590114827758,0.892281369612248,-0.304518364261541,-0.788220371120031,6862,94,"Scrn1, Dst, Tom1l1, Egfr, Sspn, Ica1, Arfgef2, Gla, Ap3b1, Cav2, Rps6ka3, Tmed10, Anp32e, Copb2, Ctsc, Ap2b1, Arfgap3, Lman1","BMS","BMS_vs_DMSO"
"49","HALLMARK_UV_RESPONSE_UP",0.890297812936249,0.908467156057397,-0.28850201914144,-0.785772810758792,7652,154,"Col2a1, Bmp2, Tap1, Pdlim3, Tst, Cxcl1, Dlg4, Ptprd, Ago2, Asns, Bak1, Kcnh2, Tyro3, Mgat1, Wiz, Irf1, Tgfbrap1, Rab27a, Mapk8ip2, Mmp14, Atp6v1c1, Prkcd, Il6, Htr7, Pole3, Car2, Eif2s3x, Parp2, Lhx2, Btg3, Cdo1, Fkbp4, Ggh, Ppat, Epcam, Fgf18, Ccne1, Sult1a1, Shox2, Cdc34, Furin, Olfm1, Fmo1, Il6st, Rrad, Rpn1","BMS","BMS_vs_DMSO"
"50","HALLMARK_SPERMATOGENESIS",0.931788472964944,0.931788472964944,-0.280125563147305,-0.752434025032773,7840,134,"Adcyap1, Ybx2, Tle4, Il13ra2, Ccnb2, Ddx25, Aurka, Dcc, Ccna1, Cdk1, Pacrg, Topbp1, Kif2c, Nek2, Clvs1, Braf, Cdkn3, Parp2, Pgs1, She, Bub1, Phkg2, Pcsk4, Prkar2a, Mllt10, Camk4, Il12rb2","BMS","BMS_vs_DMSO"
